{
  "overall": {
    "rows": 774,
    "exact_output_match": 1.0,
    "convergence_rate": 1.0,
    "zero_anchor_rate": 0.7428940568475452,
    "active_rank": {
      "mean": 0.43023255813953487,
      "median": 0.0,
      "p90": 1.0,
      "p95": 2.0,
      "max": 25.0
    },
    "constraint_count": {
      "mean": 0.44315245478036175,
      "median": 0.0,
      "p90": 1.0,
      "p95": 2.0,
      "max": 25.0
    },
    "anchor_parameter_count": {
      "mean": 107275.90697674418,
      "median": 0.0,
      "p90": 249344.0,
      "p95": 498688.0,
      "max": 6233600.0
    },
    "solve_rounds": {
      "mean": 0.3359173126614987,
      "median": 0.0,
      "p90": 1.0,
      "p95": 2.0,
      "max": 12.0
    },
    "auto_margin_seconds": {
      "mean": 2.685033591731266,
      "median": 2.1745,
      "p90": 4.030100000000001,
      "p95": 5.930249999999988,
      "max": 30.921
    },
    "qtraj_fit_seconds": {
      "mean": 17.771184754521965,
      "median": 17.948999999999998,
      "p90": 19.014,
      "p95": 19.1997,
      "max": 21.21
    }
  },
  "groups": {
    "language": {
      "en": {
        "rows": 462,
        "exact_output_match": 1.0,
        "convergence_rate": 1.0,
        "zero_anchor_rate": 0.7705627705627706,
        "active_rank": {
          "mean": 0.4069264069264069,
          "median": 0.0,
          "p90": 1.0,
          "p95": 2.0,
          "max": 25.0
        },
        "constraint_count": {
          "mean": 0.4134199134199134,
          "median": 0.0,
          "p90": 1.0,
          "p95": 2.0,
          "max": 25.0
        },
        "anchor_parameter_count": {
          "mean": 101464.658008658,
          "median": 0.0,
          "p90": 249344.0,
          "p95": 498688.0,
          "max": 6233600.0
        },
        "solve_rounds": {
          "mean": 0.3116883116883117,
          "median": 0.0,
          "p90": 1.0,
          "p95": 1.9499999999999886,
          "max": 12.0
        },
        "auto_margin_seconds": {
          "mean": 2.535701298701299,
          "median": 2.0949999999999998,
          "p90": 3.5169,
          "p95": 4.675949999999998,
          "max": 30.921
        },
        "qtraj_fit_seconds": {
          "mean": 17.714084415584416,
          "median": 17.904,
          "p90": 18.8761,
          "p95": 19.033949999999997,
          "max": 19.715
        }
      },
      "zh": {
        "rows": 312,
        "exact_output_match": 1.0,
        "convergence_rate": 1.0,
        "zero_anchor_rate": 0.7019230769230769,
        "active_rank": {
          "mean": 0.46474358974358976,
          "median": 0.0,
          "p90": 1.0,
          "p95": 2.0,
          "max": 9.0
        },
        "constraint_count": {
          "mean": 0.48717948717948717,
          "median": 0.0,
          "p90": 1.0,
          "p95": 2.0,
          "max": 10.0
        },
        "anchor_parameter_count": {
          "mean": 115881.02564102564,
          "median": 0.0,
          "p90": 249344.0,
          "p95": 498688.0,
          "max": 2244096.0
        },
        "solve_rounds": {
          "mean": 0.3717948717948718,
          "median": 0.0,
          "p90": 1.0,
          "p95": 2.0,
          "max": 4.0
        },
        "auto_margin_seconds": {
          "mean": 2.9061602564102564,
          "median": 2.2925,
          "p90": 4.763900000000002,
          "p95": 6.992899999999999,
          "max": 11.203
        },
        "qtraj_fit_seconds": {
          "mean": 17.85573717948718,
          "median": 18.08,
          "p90": 19.2118,
          "p95": 19.47005,
          "max": 21.21
        }
      }
    },
    "source": {
      "cmrc2018": {
        "rows": 155,
        "exact_output_match": 1.0,
        "convergence_rate": 1.0,
        "zero_anchor_rate": 0.6580645161290323,
        "active_rank": {
          "mean": 0.567741935483871,
          "median": 0.0,
          "p90": 2.0,
          "p95": 2.0,
          "max": 9.0
        },
        "constraint_count": {
          "mean": 0.6064516129032258,
          "median": 0.0,
          "p90": 2.0,
          "p95": 3.0,
          "max": 10.0
        },
        "anchor_parameter_count": {
          "mean": 141563.04516129033,
          "median": 0.0,
          "p90": 498688.0,
          "p95": 498688.0,
          "max": 2244096.0
        },
        "solve_rounds": {
          "mean": 0.44516129032258067,
          "median": 0.0,
          "p90": 1.0,
          "p95": 2.0,
          "max": 3.0
        },
        "auto_margin_seconds": {
          "mean": 3.1960709677419357,
          "median": 2.55,
          "p90": 6.289199999999999,
          "p95": 7.9433,
          "max": 10.255
        },
        "qtraj_fit_seconds": {
          "mean": 17.799,
          "median": 18.066,
          "p90": 19.2994,
          "p95": 19.5942,
          "max": 21.21
        }
      },
      "drcd": {
        "rows": 155,
        "exact_output_match": 1.0,
        "convergence_rate": 1.0,
        "zero_anchor_rate": 0.7419354838709677,
        "active_rank": {
          "mean": 0.36774193548387096,
          "median": 0.0,
          "p90": 1.0,
          "p95": 2.0,
          "max": 5.0
        },
        "constraint_count": {
          "mean": 0.3741935483870968,
          "median": 0.0,
          "p90": 1.0,
          "p95": 2.0,
          "max": 5.0
        },
        "anchor_parameter_count": {
          "mean": 91694.24516129032,
          "median": 0.0,
          "p90": 249344.0,
          "p95": 498688.0,
          "max": 1246720.0
        },
        "solve_rounds": {
          "mean": 0.3032258064516129,
          "median": 0.0,
          "p90": 1.0,
          "p95": 1.0,
          "max": 4.0
        },
        "auto_margin_seconds": {
          "mean": 2.628825806451613,
          "median": 2.217,
          "p90": 3.5523999999999996,
          "p95": 4.9036999999999935,
          "max": 11.203
        },
        "qtraj_fit_seconds": {
          "mean": 17.928877419354837,
          "median": 18.137,
          "p90": 19.110999999999997,
          "p95": 19.3485,
          "max": 19.943
        }
      },
      "natural_questions": {
        "rows": 150,
        "exact_output_match": 1.0,
        "convergence_rate": 1.0,
        "zero_anchor_rate": 0.7133333333333334,
        "active_rank": {
          "mean": 0.6666666666666666,
          "median": 0.0,
          "p90": 2.0,
          "p95": 2.0,
          "max": 25.0
        },
        "constraint_count": {
          "mean": 0.6666666666666666,
          "median": 0.0,
          "p90": 2.0,
          "p95": 2.0,
          "max": 25.0
        },
        "anchor_parameter_count": {
          "mean": 166229.33333333334,
          "median": 0.0,
          "p90": 498688.0,
          "p95": 498688.0,
          "max": 6233600.0
        },
        "solve_rounds": {
          "mean": 0.4533333333333333,
          "median": 0.0,
          "p90": 1.0,
          "p95": 2.0,
          "max": 12.0
        },
        "auto_margin_seconds": {
          "mean": 2.84888,
          "median": 2.178,
          "p90": 4.036399999999999,
          "p95": 6.010049999999996,
          "max": 30.921
        },
        "qtraj_fit_seconds": {
          "mean": 17.80438,
          "median": 17.9115,
          "p90": 18.878999999999998,
          "p95": 19.0261,
          "max": 19.715
        }
      },
      "relation_extraction": {
        "rows": 150,
        "exact_output_match": 1.0,
        "convergence_rate": 1.0,
        "zero_anchor_rate": 0.82,
        "active_rank": {
          "mean": 0.25333333333333335,
          "median": 0.0,
          "p90": 1.0,
          "p95": 1.549999999999983,
          "max": 3.0
        },
        "constraint_count": {
          "mean": 0.25333333333333335,
          "median": 0.0,
          "p90": 1.0,
          "p95": 1.549999999999983,
          "max": 3.0
        },
        "anchor_parameter_count": {
          "mean": 63167.14666666667,
          "median": 0.0,
          "p90": 249344.0,