{
  "overall": {
    "rows": 774,
    "base_no_prompt": {
      "strict_format": 0.8888888888888888,
      "tag_extraction": 0.8888888888888888,
      "em": 0.04909560723514212,
      "f1": 0.1520221908998457,
      "containment": 0.0710594315245478
    },
    "full_prompt": {
      "strict_format": 0.9728682170542635,
      "tag_extraction": 0.9728682170542635,
      "em": 0.5633074935400517,
      "f1": 0.7134053416778673,
      "containment": 0.6705426356589147
    },
    "qtraj_teacher_margin": {
      "strict_format": 0.9689922480620154,
      "tag_extraction": 0.9689922480620154,
      "em": 0.5594315245478036,
      "f1": 0.7098177042879448,
      "containment": 0.6679586563307494
    },
    "qtraj_topk_delta": {
      "strict_format": 0.9728682170542635,
      "tag_extraction": 0.9728682170542635,
      "em": 0.5490956072351422,
      "f1": 0.7004146097692556,
      "containment": 0.6563307493540051
    },
    "qtraj_teacher_auto_margin": {
      "strict_format": 0.9728682170542635,
      "tag_extraction": 0.9728682170542635,
      "em": 0.5633074935400517,
      "f1": 0.7134053416778673,
      "containment": 0.6705426356589147
    }
  },
  "by_language": {
    "en": {
      "rows": 462,
      "base_no_prompt": {
        "strict_format": 0.9264069264069265,
        "tag_extraction": 0.9264069264069265,
        "em": 0.0670995670995671,
        "f1": 0.11623003789737299,
        "containment": 0.09307359307359307
      },
      "full_prompt": {
        "strict_format": 0.987012987012987,
        "tag_extraction": 0.987012987012987,
        "em": 0.5627705627705628,
        "f1": 0.6649065660970426,
        "containment": 0.670995670995671
      },
      "qtraj_teacher_margin": {
        "strict_format": 0.9826839826839827,
        "tag_extraction": 0.9826839826839827,
        "em": 0.5584415584415584,
        "f1": 0.6604401330591808,
        "containment": 0.6688311688311688
      },
      "qtraj_topk_delta": {
        "strict_format": 0.9891774891774892,
        "tag_extraction": 0.9891774891774892,
        "em": 0.5432900432900433,
        "f1": 0.6486229859606486,
        "containment": 0.6493506493506493
      },
      "qtraj_teacher_auto_margin": {
        "strict_format": 0.987012987012987,
        "tag_extraction": 0.987012987012987,
        "em": 0.5627705627705628,
        "f1": 0.6649065660970426,
        "containment": 0.670995670995671
      }
    },
    "zh": {
      "rows": 312,
      "base_no_prompt": {
        "strict_format": 0.8333333333333334,
        "tag_extraction": 0.8333333333333334,
        "em": 0.022435897435897436,
        "f1": 0.20502210976889101,
        "containment": 0.038461538461538464
      },
      "full_prompt": {
        "strict_format": 0.9519230769230769,
        "tag_extraction": 0.9519230769230769,
        "em": 0.5641025641025641,
        "f1": 0.7852208362879334,
        "containment": 0.6698717948717948
      },
      "qtraj_teacher_margin": {
        "strict_format": 0.9487179487179487,
        "tag_extraction": 0.9487179487179487,
        "em": 0.5608974358974359,
        "f1": 0.7829344924536136,
        "containment": 0.6666666666666666
      },
      "qtraj_topk_delta": {
        "strict_format": 0.9487179487179487,
        "tag_extraction": 0.9487179487179487,
        "em": 0.5576923076923077,
        "f1": 0.7771060527166143,
        "containment": 0.6666666666666666
      },
      "qtraj_teacher_auto_margin": {
        "strict_format": 0.9519230769230769,
        "tag_extraction": 0.9519230769230769,
        "em": 0.5641025641025641,
        "f1": 0.7852208362879334,
        "containment": 0.6698717948717948
      }
    }
  },
  "by_source": {
    "cmrc2018": {
      "rows": 155,
      "base_no_prompt": {
        "strict_format": 0.7354838709677419,
        "tag_extraction": 0.7354838709677419,
        "em": 0.0064516129032258064,
        "f1": 0.17990682793506882,
        "containment": 0.01935483870967742
      },
      "full_prompt": {
        "strict_format": 0.9354838709677419,
        "tag_extraction": 0.9354838709677419,
        "em": 0.5096774193548387,
        "f1": 0.7804409314517591,
        "containment": 0.6258064516129033
      },
      "qtraj_teacher_margin": {
        "strict_format": 0.9354838709677419,
        "tag_extraction": 0.9354838709677419,
        "em": 0.5096774193548387,
        "f1": 0.7800656613710191,
        "containment": 0.6193548387096774
      },
      "qtraj_topk_delta": {
        "strict_format": 0.9290322580645162,
        "tag_extraction": 0.9290322580645162,
        "em": 0.5032258064516129,
        "f1": 0.7681396137153507,
        "containment": 0.6258064516129033
      },
      "qtraj_teacher_auto_margin": {
        "strict_format": 0.9354838709677419,
        "tag_extraction": 0.9354838709677419,
        "em": 0.5096774193548387,
        "f1": 0.7804409314517591,
        "containment": 0.6258064516129033
      }
    },
    "drcd": {
      "rows": 155,
      "base_no_prompt": {
        "strict_format": 0.9290322580645162,
        "tag_extraction": 0.9290322580645162,
        "em": 0.03870967741935484,
        "f1": 0.2327828381803765,
        "containment": 0.05806451612903226
      },
      "full_prompt": {
        "strict_format": 0.967741935483871,
        "tag_extraction": 0.967741935483871,
        "em": 0.6129032258064516,
        "f1": 0.7872293970762094,
        "containment": 0.7096774193548387
      },
      "qtraj_teacher_margin": {
        "strict_format": 0.9612903225806452,
        "tag_extraction": 0.9612903225806452,
        "em": 0.6064516129032258,
        "f1": 0.7830024782775442,
        "containment": 0.7096774193548387
      },
      "qtraj_topk_delta": {
        "strict_format": 0.967741935483871,
        "tag_extraction": 0.967741935483871,
        "em": 0.6064516129032258,
        "f1": 0.7831964407851886,
        "containment": 0.7032258064516129
      },
      "qtraj_teacher_auto_margin": {
        "strict_format": 0.967741935483871,
        "tag_extraction": 0.967741935483871,
        "em": 0.6129032258064516,
        "f1": 0.7872293970762094,
        "containment": 0.7096774193548387
      }
    },
    "natural_questions": {
      "rows": 150,
      "base_no_prompt": {
        "strict_format": 0.8733333333333333,
        "tag_extraction": 0.8733333333333333,
        "em": 0.04,
        "f1": 0.08978687022226249,
        "containment": 0.06
      },
      "full_prompt": {
        "strict_format": 0.9733333333333334,
        "tag_extraction": 0.9733333333333334,
        "em": 0.44,
        "f1": 0.5651848768515436,
        "containment": 0.49333333333333335
      },
      "qtraj_teacher_margin": {
        "strict_format": 0.9666666666666667,
        "tag_extraction": 0.9666666666666667,
        "em": 0.43333333333333335,
        "f1": 0.5599996916663584,
        "containment": 0.49333333333333335
      },
      "qtraj_topk_delta": {
        "strict_format": 0.9866666666666667,
        "tag_extraction": 0.9866666666666667,
        "em": 0.41333333333333333,
        "f1": 0.5450322516989186,
        "containment": 0.4666666666666667
      },
      "qtraj_teacher_auto_margin": {
        "strict_format": 0.9733333333333334,
        "tag_extraction": 0.9733333333333334,
        "em": 0.44,
        "f1": 0.5651848768515436,
        "containment": 0.49333333333333335
      }
    },
    "relation_extraction": {
      "rows": 150,
      "base_no_prompt": {
        "strict_format": 0.96,
        "tag_extraction": 0.96,
        "em": 0.08666666666666667,
        "f1": 0.13554027084027084,
        "containment": 0.11333333333333333
      },
      "full_prompt": {
        "strict_format": 1.0,
        "tag_extraction": 1.0,
        "em": 0.7066666666666667,
        "f1": 0.8239653679653682,
        "containment": 0.8666666666666667
      },
      "qtraj_teacher_margin": {
        "strict_format": 0.9933333333333333,
        "tag_extraction": 0.9933333333333333,
        "em": 0.7,
        "f1": 0.8153939393939396,